ResourceID,TypeName,URL
1,Document,https://weebly.com/ultrices/erat/tortor/sollicitudin/mi.jpg?maecenas=sed&leo=tristique&odio=in&condimentum=tempus&id=sit&luctus=amet&nec=sem&molestie=fusce&sed=consequat&justo=nulla&pellentesque=nisl&viverra=nunc&pede=nisl&ac=duis&diam=bibendum&cras=felis&pellentesque=sed&volutpat=interdum&dui=venenatis&maecenas=turpis&tristique=enim&est=blandit&et=mi&tempus=in&semper=porttitor&est=pede&quam=justo&pharetra=eu&magna=massa&ac=donec&consequat=dapibus&metus=duis&sapien=at&ut=velit&nunc=eu&vestibulum=est&ante=congue&ipsum=elementum&primis=in&in=hac&faucibus=habitasse&orci=platea&luctus=dictumst&et=morbi&ultrices=vestibulum&posuere=velit&cubilia=id
2,Document,http://themeforest.net/faucibus/accumsan/odio/curabitur/convallis/duis.jpg?nullam=justo&sit=sollicitudin&amet=ut&turpis=suscipit&elementum=a&ligula=feugiat&vehicula=et&consequat=eros&morbi=vestibulum&a=ac&ipsum=est&integer=lacinia&a=nisi&nibh=venenatis&in=tristique&quis=fusce&justo=congue
3,Document,https://ovh.net/elementum/eu/interdum.js?id=neque&massa=duis&id=bibendum&nisl=morbi&venenatis=non&lacinia=quam&aenean=nec&sit=dui&amet=luctus&justo=rutrum&morbi=nulla&ut=tellus&odio=in&cras=sagittis&mi=dui&pede=vel&malesuada=nisl&in=duis&imperdiet=ac&et=nibh&commodo=fusce&vulputate=lacus&justo=purus&in=aliquet&blandit=at&ultrices=feugiat&enim=non&lorem=pretium&ipsum=quis&dolor=lectus&sit=suspendisse&amet=potenti&consectetuer=in&adipiscing=eleifend&elit=quam&proin=a&interdum=odio&mauris=in&non=hac&ligula=habitasse&pellentesque=platea&ultrices=dictumst&phasellus=maecenas&id=ut&sapien=massa&in=quis&sapien=augue&iaculis=luctus&congue=tincidunt&vivamus=nulla&metus=mollis&arcu=molestie&adipiscing=lorem&molestie=quisque&hendrerit=ut&at=erat&vulputate=curabitur&vitae=gravida&nisl=nisi&aenean=at&lectus=nibh&pellentesque=in&eget=hac&nunc=habitasse&donec=platea&quis=dictumst&orci=aliquam&eget=augue&orci=quam&vehicula=sollicitudin&condimentum=vitae&curabitur=consectetuer&in=eget&libero=rutrum&ut=at&massa=lorem&volutpat=integer&convallis=tincidunt&morbi=ante&odio=vel&odio=ipsum&elementum=praesent&eu=blandit&interdum=lacinia&eu=erat
4,Illustration,http://seesaa.net/mauris/viverra/diam/vitae/quam.json?habitasse=in&platea=porttitor&dictumst=pede&maecenas=justo&ut=eu&massa=massa&quis=donec&augue=dapibus&luctus=duis&tincidunt=at&nulla=velit&mollis=eu&molestie=est&lorem=congue&quisque=elementum&ut=in&erat=hac&curabitur=habitasse&gravida=platea&nisi=dictumst&at=morbi&nibh=vestibulum&in=velit&hac=id&habitasse=pretium&platea=iaculis&dictumst=diam&aliquam=erat&augue=fermentum&quam=justo&sollicitudin=nec&vitae=condimentum&consectetuer=neque&eget=sapien&rutrum=placerat&at=ante&lorem=nulla&integer=justo&tincidunt=aliquam&ante=quis&vel=turpis&ipsum=eget&praesent=elit&blandit=sodales&lacinia=scelerisque&erat=mauris&vestibulum=sit&sed=amet&magna=eros&at=suspendisse&nunc=accumsan&commodo=tortor&placerat=quis&praesent=turpis&blandit=sed&nam=ante&nulla=vivamus&integer=tortor&pede=duis&justo=mattis&lacinia=egestas&eget=metus
5,Video,https://t.co/tincidunt/nulla.xml?accumsan=posuere&odio=cubilia&curabitur=curae&convallis=nulla&duis=dapibus&consequat=dolor&dui=vel&nec=est&nisi=donec&volutpat=odio&eleifend=justo&donec=sollicitudin&ut=ut&dolor=suscipit&morbi=a&vel=feugiat&lectus=et&in=eros&quam=vestibulum&fringilla=ac&rhoncus=est&mauris=lacinia&enim=nisi&leo=venenatis&rhoncus=tristique&sed=fusce&vestibulum=congue&sit=diam&amet=id&cursus=ornare&id=imperdiet&turpis=sapien&integer=urna&aliquet=pretium&massa=nisl&id=ut&lobortis=volutpat&convallis=sapien&tortor=arcu&risus=sed&dapibus=augue&augue=aliquam&vel=erat&accumsan=volutpat&tellus=in
6,Video,https://cdbaby.com/pede/lobortis.html?non=nec&mauris=nisi&morbi=vulputate&non=nonummy&lectus=maecenas&aliquam=tincidunt&sit=lacus&amet=at&diam=velit&in=vivamus&magna=vel&bibendum=nulla&imperdiet=eget&nullam=eros&orci=elementum&pede=pellentesque&venenatis=quisque&non=porta&sodales=volutpat&sed=erat&tincidunt=quisque
7,Document,http://com.com/curae/donec/pharetra/magna/vestibulum.png?aenean=nibh&fermentum=in&donec=hac&ut=habitasse&mauris=platea&eget=dictumst&massa=aliquam&tempor=augue&convallis=quam&nulla=sollicitudin&neque=vitae&libero=consectetuer&convallis=eget&eget=rutrum&eleifend=at&luctus=lorem&ultricies=integer&eu=tincidunt&nibh=ante&quisque=vel&id=ipsum&justo=praesent&sit=blandit&amet=lacinia&sapien=erat&dignissim=vestibulum&vestibulum=sed&vestibulum=magna&ante=at&ipsum=nunc&primis=commodo&in=placerat&faucibus=praesent&orci=blandit&luctus=nam&et=nulla&ultrices=integer&posuere=pede&cubilia=justo&curae=lacinia&nulla=eget&dapibus=tincidunt&dolor=eget&vel=tempus&est=vel&donec=pede&odio=morbi&justo=porttitor&sollicitudin=lorem&ut=id&suscipit=ligula&a=suspendisse&feugiat=ornare&et=consequat&eros=lectus&vestibulum=in&ac=est
8,Document,https://taobao.com/rhoncus.js?blandit=magnis&nam=dis&nulla=parturient&integer=montes&pede=nascetur&justo=ridiculus&lacinia=mus&eget=etiam&tincidunt=vel&eget=augue&tempus=vestibulum&vel=rutrum&pede=rutrum&morbi=neque&porttitor=aenean&lorem=auctor&id=gravida&ligula=sem&suspendisse=praesent&ornare=id&consequat=massa&lectus=id&in=nisl&est=venenatis&risus=lacinia&auctor=aenean&sed=sit&tristique=amet&in=justo&tempus=morbi&sit=ut&amet=odio&sem=cras&fusce=mi&consequat=pede&nulla=malesuada&nisl=in&nunc=imperdiet&nisl=et&duis=commodo&bibendum=vulputate&felis=justo&sed=in&interdum=blandit&venenatis=ultrices&turpis=enim&enim=lorem&blandit=ipsum&mi=dolor&in=sit&porttitor=amet&pede=consectetuer&justo=adipiscing&eu=elit&massa=proin&donec=interdum&dapibus=mauris&duis=non&at=ligula&velit=pellentesque&eu=ultrices&est=phasellus&congue=id&elementum=sapien&in=in&hac=sapien&habitasse=iaculis&platea=congue&dictumst=vivamus&morbi=metus&vestibulum=arcu&velit=adipiscing&id=molestie&pretium=hendrerit&iaculis=at&diam=vulputate&erat=vitae&fermentum=nisl&justo=aenean&nec=lectus&condimentum=pellentesque&neque=eget&sapien=nunc&placerat=donec&ante=quis&nulla=orci&justo=eget&aliquam=orci&quis=vehicula&turpis=condimentum&eget=curabitur&elit=in&sodales=libero&scelerisque=ut&mauris=massa&sit=volutpat&amet=convallis
9,Document,http://google.es/massa/id/lobortis/convallis/tortor/risus/dapibus.png?praesent=pellentesque&lectus=viverra&vestibulum=pede&quam=ac&sapien=diam&varius=cras&ut=pellentesque&blandit=volutpat&non=dui&interdum=maecenas&in=tristique&ante=est&vestibulum=et&ante=tempus&ipsum=semper&primis=est&in=quam&faucibus=pharetra&orci=magna&luctus=ac&et=consequat&ultrices=metus&posuere=sapien&cubilia=ut&curae=nunc&duis=vestibulum&faucibus=ante&accumsan=ipsum&odio=primis&curabitur=in&convallis=faucibus&duis=orci&consequat=luctus&dui=et&nec=ultrices&nisi=posuere&volutpat=cubilia&eleifend=curae&donec=mauris&ut=viverra&dolor=diam&morbi=vitae&vel=quam&lectus=suspendisse&in=potenti&quam=nullam&fringilla=porttitor&rhoncus=lacus&mauris=at&enim=turpis&leo=donec&rhoncus=posuere&sed=metus&vestibulum=vitae&sit=ipsum&amet=aliquam&cursus=non&id=mauris&turpis=morbi&integer=non&aliquet=lectus&massa=aliquam&id=sit&lobortis=amet&convallis=diam&tortor=in&risus=magna&dapibus=bibendum&augue=imperdiet&vel=nullam&accumsan=orci&tellus=pede&nisi=venenatis&eu=non&orci=sodales&mauris=sed&lacinia=tincidunt&sapien=eu&quis=felis&libero=fusce&nullam=posuere&sit=felis&amet=sed&turpis=lacus&elementum=morbi&ligula=sem&vehicula=mauris&consequat=laoreet&morbi=ut&a=rhoncus&ipsum=aliquet&integer=pulvinar&a=sed&nibh=nisl&in=nunc&quis=rhoncus
10,Illustration,https://t-online.de/id/nisl.jpg?vel=turpis&nulla=sed&eget=ante&eros=vivamus&elementum=tortor&pellentesque=duis&quisque=mattis&porta=egestas&volutpat=metus&erat=aenean&quisque=fermentum&erat=donec&eros=ut&viverra=mauris&eget=eget&congue=massa&eget=tempor&semper=convallis&rutrum=nulla&nulla=neque&nunc=libero&purus=convallis&phasellus=eget&in=eleifend&felis=luctus&donec=ultricies&semper=eu&sapien=nibh&a=quisque&libero=id&nam=justo&dui=sit&proin=amet&leo=sapien&odio=dignissim&porttitor=vestibulum&id=vestibulum&consequat=ante&in=ipsum&consequat=primis&ut=in&nulla=faucibus&sed=orci&accumsan=luctus&felis=et&ut=ultrices&at=posuere&dolor=cubilia&quis=curae&odio=nulla&consequat=dapibus&varius=dolor&integer=vel
11,Video,https://istockphoto.com/id/ornare/imperdiet/sapien/urna/pretium.xml?nullam=nam&porttitor=congue&lacus=risus&at=semper&turpis=porta&donec=volutpat&posuere=quam&metus=pede&vitae=lobortis&ipsum=ligula&aliquam=sit&non=amet&mauris=eleifend&morbi=pede&non=libero&lectus=quis&aliquam=orci&sit=nullam&amet=molestie&diam=nibh&in=in&magna=lectus&bibendum=pellentesque&imperdiet=at&nullam=nulla&orci=suspendisse&pede=potenti&venenatis=cras&non=in&sodales=purus&sed=eu&tincidunt=magna&eu=vulputate&felis=luctus&fusce=cum&posuere=sociis&felis=natoque&sed=penatibus&lacus=et&morbi=magnis&sem=dis&mauris=parturient&laoreet=montes&ut=nascetur&rhoncus=ridiculus&aliquet=mus&pulvinar=vivamus&sed=vestibulum&nisl=sagittis&nunc=sapien&rhoncus=cum&dui=sociis&vel=natoque&sem=penatibus&sed=et&sagittis=magnis&nam=dis&congue=parturient&risus=montes&semper=nascetur&porta=ridiculus&volutpat=mus&quam=etiam&pede=vel&lobortis=augue&ligula=vestibulum&sit=rutrum&amet=rutrum&eleifend=neque&pede=aenean&libero=auctor&quis=gravida&orci=sem&nullam=praesent&molestie=id&nibh=massa&in=id&lectus=nisl&pellentesque=venenatis&at=lacinia&nulla=aenean&suspendisse=sit&potenti=amet&cras=justo&in=morbi&purus=ut&eu=odio&magna=cras&vulputate=mi&luctus=pede&cum=malesuada&sociis=in&natoque=imperdiet&penatibus=et&et=commodo&magnis=vulputate&dis=justo
12,Document,https://cisco.com/eu/orci/mauris/lacinia/sapien.aspx?leo=vehicula&rhoncus=condimentum&sed=curabitur&vestibulum=in&sit=libero&amet=ut&cursus=massa&id=volutpat&turpis=convallis&integer=morbi&aliquet=odio&massa=odio&id=elementum&lobortis=eu&convallis=interdum&tortor=eu&risus=tincidunt&dapibus=in&augue=leo&vel=maecenas&accumsan=pulvinar&tellus=lobortis&nisi=est&eu=phasellus&orci=sit&mauris=amet&lacinia=erat&sapien=nulla&quis=tempus&libero=vivamus&nullam=in&sit=felis&amet=eu&turpis=sapien&elementum=cursus&ligula=vestibulum&vehicula=proin&consequat=eu&morbi=mi&a=nulla&ipsum=ac&integer=enim&a=in&nibh=tempor
13,Video,https://newyorker.com/at/velit/eu/est/congue/elementum.xml?tristique=nulla&est=dapibus&et=dolor&tempus=vel&semper=est&est=donec&quam=odio&pharetra=justo&magna=sollicitudin&ac=ut&consequat=suscipit&metus=a&sapien=feugiat&ut=et&nunc=eros&vestibulum=vestibulum&ante=ac&ipsum=est&primis=lacinia&in=nisi&faucibus=venenatis&orci=tristique&luctus=fusce&et=congue&ultrices=diam&posuere=id&cubilia=ornare&curae=imperdiet&mauris=sapien&viverra=urna&diam=pretium&vitae=nisl&quam=ut&suspendisse=volutpat&potenti=sapien&nullam=arcu&porttitor=sed&lacus=augue&at=aliquam&turpis=erat&donec=volutpat&posuere=in&metus=congue&vitae=etiam&ipsum=justo&aliquam=etiam&non=pretium&mauris=iaculis&morbi=justo&non=in&lectus=hac&aliquam=habitasse&sit=platea&amet=dictumst&diam=etiam&in=faucibus&magna=cursus&bibendum=urna&imperdiet=ut&nullam=tellus&orci=nulla&pede=ut&venenatis=erat&non=id&sodales=mauris&sed=vulputate&tincidunt=elementum&eu=nullam&felis=varius&fusce=nulla&posuere=facilisi&felis=cras&sed=non&lacus=velit&morbi=nec&sem=nisi&mauris=vulputate&laoreet=nonummy&ut=maecenas&rhoncus=tincidunt&aliquet=lacus
14,Video,https://ucoz.ru/integer/ac.aspx?porta=semper&volutpat=est&quam=quam&pede=pharetra&lobortis=magna&ligula=ac&sit=consequat&amet=metus&eleifend=sapien&pede=ut&libero=nunc&quis=vestibulum&orci=ante&nullam=ipsum&molestie=primis&nibh=in&in=faucibus&lectus=orci&pellentesque=luctus&at=et&nulla=ultrices&suspendisse=posuere&potenti=cubilia&cras=curae&in=mauris&purus=viverra&eu=diam&magna=vitae&vulputate=quam&luctus=suspendisse&cum=potenti&sociis=nullam&natoque=porttitor&penatibus=lacus&et=at&magnis=turpis&dis=donec&parturient=posuere&montes=metus&nascetur=vitae&ridiculus=ipsum&mus=aliquam&vivamus=non&vestibulum=mauris&sagittis=morbi&sapien=non&cum=lectus&sociis=aliquam&natoque=sit&penatibus=amet&et=diam&magnis=in&dis=magna&parturient=bibendum&montes=imperdiet&nascetur=nullam&ridiculus=orci&mus=pede&etiam=venenatis&vel=non&augue=sodales&vestibulum=sed&rutrum=tincidunt&rutrum=eu&neque=felis&aenean=fusce&auctor=posuere&gravida=felis&sem=sed&praesent=lacus&id=morbi&massa=sem&id=mauris&nisl=laoreet&venenatis=ut&lacinia=rhoncus&aenean=aliquet&sit=pulvinar&amet=sed&justo=nisl&morbi=nunc&ut=rhoncus&odio=dui&cras=vel&mi=sem&pede=sed&malesuada=sagittis&in=nam&imperdiet=congue&et=risus&commodo=semper&vulputate=porta&justo=volutpat&in=quam&blandit=pede&ultrices=lobortis&enim=ligula
15,Document,https://arizona.edu/id/pretium/iaculis/diam.xml?commodo=vivamus&placerat=vestibulum&praesent=sagittis&blandit=sapien&nam=cum&nulla=sociis&integer=natoque&pede=penatibus&justo=et&lacinia=magnis&eget=dis&tincidunt=parturient&eget=montes&tempus=nascetur&vel=ridiculus&pede=mus&morbi=etiam&porttitor=vel&lorem=augue&id=vestibulum&ligula=rutrum&suspendisse=rutrum&ornare=neque&consequat=aenean
16,Video,https://google.com.br/eleifend/donec/ut/dolor/morbi/vel.jpg?eleifend=in&donec=sagittis&ut=dui&dolor=vel&morbi=nisl&vel=duis&lectus=ac&in=nibh&quam=fusce&fringilla=lacus&rhoncus=purus&mauris=aliquet&enim=at&leo=feugiat&rhoncus=non&sed=pretium&vestibulum=quis&sit=lectus&amet=suspendisse&cursus=potenti&id=in&turpis=eleifend&integer=quam&aliquet=a&massa=odio&id=in&lobortis=hac&convallis=habitasse&tortor=platea&risus=dictumst&dapibus=maecenas&augue=ut&vel=massa&accumsan=quis&tellus=augue&nisi=luctus&eu=tincidunt&orci=nulla&mauris=mollis&lacinia=molestie&sapien=lorem&quis=quisque&libero=ut&nullam=erat&sit=curabitur&amet=gravida&turpis=nisi&elementum=at&ligula=nibh&vehicula=in&consequat=hac&morbi=habitasse
17,Document,https://uiuc.edu/ut/massa.jpg?scelerisque=urna&mauris=pretium&sit=nisl&amet=ut&eros=volutpat&suspendisse=sapien&accumsan=arcu&tortor=sed&quis=augue&turpis=aliquam&sed=erat&ante=volutpat&vivamus=in&tortor=congue&duis=etiam&mattis=justo&egestas=etiam&metus=pretium
18,Illustration,http://yellowbook.com/hac.xml?purus=in&sit=lacus&amet=curabitur&nulla=at&quisque=ipsum&arcu=ac&libero=tellus&rutrum=semper&ac=interdum&lobortis=mauris&vel=ullamcorper&dapibus=purus&at=sit&diam=amet&nam=nulla&tristique=quisque&tortor=arcu
19,Illustration,http://oracle.com/dolor/quis/odio.jsp?luctus=enim&cum=in&sociis=tempor&natoque=turpis&penatibus=nec&et=euismod&magnis=scelerisque&dis=quam&parturient=turpis&montes=adipiscing&nascetur=lorem&ridiculus=vitae&mus=mattis&vivamus=nibh&vestibulum=ligula&sagittis=nec&sapien=sem&cum=duis&sociis=aliquam&natoque=convallis&penatibus=nunc&et=proin&magnis=at&dis=turpis&parturient=a&montes=pede&nascetur=posuere&ridiculus=nonummy&mus=integer&etiam=non&vel=velit&augue=donec&vestibulum=diam&rutrum=neque&rutrum=vestibulum&neque=eget&aenean=vulputate&auctor=ut&gravida=ultrices&sem=vel&praesent=augue&id=vestibulum&massa=ante&id=ipsum&nisl=primis&venenatis=in&lacinia=faucibus&aenean=orci&sit=luctus&amet=et&justo=ultrices&morbi=posuere&ut=cubilia&odio=curae&cras=donec&mi=pharetra&pede=magna&malesuada=vestibulum&in=aliquet&imperdiet=ultrices&et=erat&commodo=tortor&vulputate=sollicitudin&justo=mi&in=sit&blandit=amet&ultrices=lobortis&enim=sapien&lorem=sapien&ipsum=non&dolor=mi&sit=integer&amet=ac&consectetuer=neque&adipiscing=duis&elit=bibendum&proin=morbi&interdum=non&mauris=quam&non=nec&ligula=dui
20,Illustration,http://discovery.com/non/mauris/morbi/non/lectus.xml?ut=orci&tellus=luctus&nulla=et&ut=ultrices
21,Video,http://wp.com/justo/lacinia/eget/tincidunt/eget/tempus/vel.jsp?interdum=lacinia&venenatis=erat&turpis=vestibulum&enim=sed&blandit=magna&mi=at&in=nunc&porttitor=commodo&pede=placerat&justo=praesent&eu=blandit&massa=nam&donec=nulla&dapibus=integer&duis=pede&at=justo&velit=lacinia&eu=eget&est=tincidunt&congue=eget&elementum=tempus&in=vel
22,Illustration,http://networksolutions.com/odio/condimentum/id.aspx?sagittis=non&nam=velit&congue=nec&risus=nisi&semper=vulputate&porta=nonummy&volutpat=maecenas&quam=tincidunt&pede=lacus&lobortis=at&ligula=velit&sit=vivamus&amet=vel&eleifend=nulla&pede=eget&libero=eros&quis=elementum&orci=pellentesque&nullam=quisque&molestie=porta&nibh=volutpat&in=erat&lectus=quisque&pellentesque=erat&at=eros&nulla=viverra&suspendisse=eget&potenti=congue&cras=eget&in=semper&purus=rutrum&eu=nulla&magna=nunc&vulputate=purus&luctus=phasellus&cum=in&sociis=felis&natoque=donec&penatibus=semper&et=sapien&magnis=a&dis=libero
23,Video,http://netlog.com/consectetuer/eget/rutrum/at/lorem/integer.jsp?lacinia=massa&eget=volutpat&tincidunt=convallis&eget=morbi&tempus=odio&vel=odio&pede=elementum&morbi=eu&porttitor=interdum&lorem=eu&id=tincidunt&ligula=in&suspendisse=leo&ornare=maecenas&consequat=pulvinar&lectus=lobortis&in=est&est=phasellus&risus=sit&auctor=amet&sed=erat&tristique=nulla&in=tempus&tempus=vivamus&sit=in&amet=felis&sem=eu&fusce=sapien&consequat=cursus&nulla=vestibulum&nisl=proin&nunc=eu&nisl=mi&duis=nulla&bibendum=ac&felis=enim&sed=in&interdum=tempor&venenatis=turpis&turpis=nec&enim=euismod&blandit=scelerisque&mi=quam&in=turpis&porttitor=adipiscing&pede=lorem&justo=vitae&eu=mattis&massa=nibh&donec=ligula&dapibus=nec&duis=sem&at=duis&velit=aliquam&eu=convallis&est=nunc&congue=proin&elementum=at&in=turpis&hac=a&habitasse=pede&platea=posuere
24,Video,http://photobucket.com/nullam/varius/nulla/facilisi/cras.aspx?luctus=magna&et=bibendum&ultrices=imperdiet&posuere=nullam&cubilia=orci&curae=pede&donec=venenatis&pharetra=non&magna=sodales&vestibulum=sed&aliquet=tincidunt&ultrices=eu&erat=felis&tortor=fusce&sollicitudin=posuere&mi=felis&sit=sed&amet=lacus&lobortis=morbi&sapien=sem&sapien=mauris&non=laoreet&mi=ut&integer=rhoncus&ac=aliquet&neque=pulvinar&duis=sed&bibendum=nisl&morbi=nunc&non=rhoncus&quam=dui&nec=vel&dui=sem&luctus=sed&rutrum=sagittis&nulla=nam&tellus=congue&in=risus&sagittis=semper&dui=porta&vel=volutpat&nisl=quam&duis=pede&ac=lobortis&nibh=ligula&fusce=sit&lacus=amet&purus=eleifend&aliquet=pede&at=libero&feugiat=quis&non=orci&pretium=nullam&quis=molestie&lectus=nibh&suspendisse=in&potenti=lectus&in=pellentesque&eleifend=at&quam=nulla&a=suspendisse&odio=potenti&in=cras&hac=in&habitasse=purus&platea=eu&dictumst=magna&maecenas=vulputate&ut=luctus&massa=cum&quis=sociis&augue=natoque&luctus=penatibus&tincidunt=et&nulla=magnis&mollis=dis
25,Video,http://angelfire.com/lorem/ipsum/dolor/sit.png?eget=adipiscing&semper=lorem&rutrum=vitae&nulla=mattis&nunc=nibh&purus=ligula&phasellus=nec&in=sem&felis=duis&donec=aliquam&semper=convallis&sapien=nunc&a=proin&libero=at&nam=turpis&dui=a&proin=pede&leo=posuere&odio=nonummy&porttitor=integer&id=non&consequat=velit&in=donec&consequat=diam&ut=neque&nulla=vestibulum&sed=eget&accumsan=vulputate&felis=ut&ut=ultrices&at=vel&dolor=augue&quis=vestibulum&odio=ante&consequat=ipsum&varius=primis&integer=in&ac=faucibus&leo=orci&pellentesque=luctus&ultrices=et&mattis=ultrices&odio=posuere&donec=cubilia&vitae=curae&nisi=donec&nam=pharetra&ultrices=magna&libero=vestibulum&non=aliquet&mattis=ultrices&pulvinar=erat&nulla=tortor&pede=sollicitudin&ullamcorper=mi&augue=sit&a=amet&suscipit=lobortis&nulla=sapien&elit=sapien&ac=non&nulla=mi&sed=integer&vel=ac&enim=neque&sit=duis
26,Video,http://blogtalkradio.com/risus/praesent/lectus/vestibulum.png?eget=lectus&nunc=pellentesque&donec=eget&quis=nunc&orci=donec&eget=quis&orci=orci&vehicula=eget&condimentum=orci&curabitur=vehicula&in=condimentum&libero=curabitur&ut=in&massa=libero&volutpat=ut&convallis=massa&morbi=volutpat&odio=convallis&odio=morbi&elementum=odio&eu=odio&interdum=elementum&eu=eu&tincidunt=interdum&in=eu&leo=tincidunt&maecenas=in&pulvinar=leo&lobortis=maecenas&est=pulvinar&phasellus=lobortis&sit=est&amet=phasellus&erat=sit&nulla=amet&tempus=erat&vivamus=nulla&in=tempus&felis=vivamus&eu=in&sapien=felis&cursus=eu&vestibulum=sapien&proin=cursus&eu=vestibulum&mi=proin&nulla=eu&ac=mi&enim=nulla&in=ac&tempor=enim&turpis=in&nec=tempor&euismod=turpis&scelerisque=nec&quam=euismod&turpis=scelerisque&adipiscing=quam&lorem=turpis&vitae=adipiscing&mattis=lorem&nibh=vitae&ligula=mattis&nec=nibh&sem=ligula&duis=nec&aliquam=sem&convallis=duis&nunc=aliquam&proin=convallis&at=nunc&turpis=proin&a=at&pede=turpis&posuere=a&nonummy=pede&integer=posuere&non=nonummy&velit=integer&donec=non&diam=velit&neque=donec&vestibulum=diam&eget=neque&vulputate=vestibulum&ut=eget&ultrices=vulputate&vel=ut&augue=ultrices&vestibulum=vel&ante=augue&ipsum=vestibulum&primis=ante&in=ipsum&faucibus=primis&orci=in&luctus=faucibus&et=orci&ultrices=luctus&posuere=et
27,Video,http://nsw.gov.au/justo.xml?sit=in&amet=est&eleifend=risus&pede=auctor&libero=sed&quis=tristique&orci=in&nullam=tempus&molestie=sit&nibh=amet&in=sem&lectus=fusce&pellentesque=consequat&at=nulla&nulla=nisl&suspendisse=nunc&potenti=nisl&cras=duis&in=bibendum&purus=felis&eu=sed&magna=interdum&vulputate=venenatis&luctus=turpis&cum=enim&sociis=blandit&natoque=mi&penatibus=in&et=porttitor&magnis=pede&dis=justo&parturient=eu&montes=massa&nascetur=donec&ridiculus=dapibus&mus=duis&vivamus=at&vestibulum=velit&sagittis=eu&sapien=est&cum=congue&sociis=elementum&natoque=in&penatibus=hac&et=habitasse&magnis=platea&dis=dictumst&parturient=morbi&montes=vestibulum&nascetur=velit&ridiculus=id&mus=pretium&etiam=iaculis&vel=diam&augue=erat&vestibulum=fermentum&rutrum=justo&rutrum=nec&neque=condimentum&aenean=neque&auctor=sapien&gravida=placerat&sem=ante&praesent=nulla&id=justo&massa=aliquam&id=quis&nisl=turpis&venenatis=eget&lacinia=elit&aenean=sodales&sit=scelerisque&amet=mauris&justo=sit&morbi=amet&ut=eros&odio=suspendisse&cras=accumsan&mi=tortor&pede=quis&malesuada=turpis&in=sed&imperdiet=ante&et=vivamus&commodo=tortor&vulputate=duis
28,Illustration,https://reuters.com/morbi/vel/lectus/in/quam/fringilla/rhoncus.json?consequat=potenti&nulla=in&nisl=eleifend&nunc=quam&nisl=a&duis=odio&bibendum=in&felis=hac&sed=habitasse&interdum=platea&venenatis=dictumst
29,Document,http://usa.gov/ultrices.aspx?orci=malesuada&luctus=in&et=imperdiet&ultrices=et&posuere=commodo&cubilia=vulputate&curae=justo&mauris=in&viverra=blandit&diam=ultrices&vitae=enim&quam=lorem&suspendisse=ipsum&potenti=dolor&nullam=sit&porttitor=amet&lacus=consectetuer&at=adipiscing&turpis=elit&donec=proin&posuere=interdum&metus=mauris&vitae=non&ipsum=ligula&aliquam=pellentesque&non=ultrices&mauris=phasellus&morbi=id&non=sapien&lectus=in&aliquam=sapien&sit=iaculis&amet=congue&diam=vivamus&in=metus&magna=arcu&bibendum=adipiscing&imperdiet=molestie&nullam=hendrerit&orci=at&pede=vulputate&venenatis=vitae&non=nisl&sodales=aenean&sed=lectus&tincidunt=pellentesque&eu=eget&felis=nunc&fusce=donec&posuere=quis&felis=orci&sed=eget&lacus=orci&morbi=vehicula&sem=condimentum&mauris=curabitur
30,Document,http://disqus.com/ipsum/praesent/blandit/lacinia.html?maecenas=et&rhoncus=ultrices&aliquam=posuere&lacus=cubilia&morbi=curae&quis=mauris&tortor=viverra&id=diam&nulla=vitae&ultrices=quam&aliquet=suspendisse&maecenas=potenti&leo=nullam&odio=porttitor&condimentum=lacus&id=at&luctus=turpis&nec=donec&molestie=posuere&sed=metus&justo=vitae&pellentesque=ipsum&viverra=aliquam&pede=non&ac=mauris
31,Video,http://army.mil/porttitor.xml?adipiscing=quam&molestie=sollicitudin&hendrerit=vitae&at=consectetuer&vulputate=eget&vitae=rutrum&nisl=at&aenean=lorem&lectus=integer&pellentesque=tincidunt&eget=ante&nunc=vel&donec=ipsum&quis=praesent&orci=blandit&eget=lacinia&orci=erat&vehicula=vestibulum&condimentum=sed&curabitur=magna&in=at&libero=nunc&ut=commodo&massa=placerat&volutpat=praesent&convallis=blandit&morbi=nam&odio=nulla&odio=integer&elementum=pede&eu=justo&interdum=lacinia&eu=eget&tincidunt=tincidunt&in=eget&leo=tempus&maecenas=vel&pulvinar=pede&lobortis=morbi&est=porttitor&phasellus=lorem&sit=id&amet=ligula&erat=suspendisse&nulla=ornare&tempus=consequat&vivamus=lectus&in=in&felis=est&eu=risus&sapien=auctor&cursus=sed&vestibulum=tristique&proin=in&eu=tempus&mi=sit&nulla=amet&ac=sem&enim=fusce&in=consequat&tempor=nulla&turpis=nisl&nec=nunc&euismod=nisl&scelerisque=duis&quam=bibendum&turpis=felis&adipiscing=sed&lorem=interdum&vitae=venenatis
32,Video,https://google.com.au/neque.aspx?lectus=tempor&pellentesque=turpis&eget=nec&nunc=euismod&donec=scelerisque&quis=quam&orci=turpis&eget=adipiscing&orci=lorem&vehicula=vitae&condimentum=mattis&curabitur=nibh&in=ligula&libero=nec&ut=sem&massa=duis&volutpat=aliquam&convallis=convallis&morbi=nunc&odio=proin&odio=at&elementum=turpis&eu=a&interdum=pede&eu=posuere&tincidunt=nonummy&in=integer&leo=non&maecenas=velit&pulvinar=donec&lobortis=diam&est=neque&phasellus=vestibulum&sit=eget&amet=vulputate&erat=ut&nulla=ultrices&tempus=vel&vivamus=augue&in=vestibulum&felis=ante&eu=ipsum&sapien=primis&cursus=in&vestibulum=faucibus&proin=orci&eu=luctus&mi=et&nulla=ultrices&ac=posuere&enim=cubilia&in=curae&tempor=donec&turpis=pharetra&nec=magna&euismod=vestibulum&scelerisque=aliquet&quam=ultrices&turpis=erat&adipiscing=tortor&lorem=sollicitudin&vitae=mi&mattis=sit&nibh=amet&ligula=lobortis&nec=sapien&sem=sapien&duis=non&aliquam=mi&convallis=integer&nunc=ac&proin=neque&at=duis&turpis=bibendum&a=morbi&pede=non&posuere=quam&nonummy=nec
33,Video,http://smh.com.au/aliquam/non/mauris/morbi/non/lectus/aliquam.aspx?fermentum=pede&donec=venenatis&ut=non&mauris=sodales&eget=sed&massa=tincidunt&tempor=eu&convallis=felis&nulla=fusce&neque=posuere&libero=felis&convallis=sed&eget=lacus&eleifend=morbi&luctus=sem&ultricies=mauris&eu=laoreet&nibh=ut&quisque=rhoncus&id=aliquet&justo=pulvinar&sit=sed&amet=nisl&sapien=nunc&dignissim=rhoncus&vestibulum=dui&vestibulum=vel&ante=sem&ipsum=sed&primis=sagittis&in=nam&faucibus=congue&orci=risus&luctus=semper&et=porta&ultrices=volutpat&posuere=quam&cubilia=pede&curae=lobortis&nulla=ligula&dapibus=sit&dolor=amet&vel=eleifend&est=pede&donec=libero&odio=quis&justo=orci&sollicitudin=nullam&ut=molestie&suscipit=nibh&a=in&feugiat=lectus&et=pellentesque&eros=at&vestibulum=nulla&ac=suspendisse&est=potenti&lacinia=cras&nisi=in&venenatis=purus&tristique=eu&fusce=magna&congue=vulputate&diam=luctus&id=cum&ornare=sociis&imperdiet=natoque&sapien=penatibus&urna=et&pretium=magnis&nisl=dis&ut=parturient&volutpat=montes&sapien=nascetur&arcu=ridiculus&sed=mus&augue=vivamus&aliquam=vestibulum&erat=sagittis&volutpat=sapien&in=cum&congue=sociis&etiam=natoque&justo=penatibus&etiam=et&pretium=magnis
34,Document,http://army.mil/curabitur/gravida/nisi.xml?curae=ultrices&mauris=posuere&viverra=cubilia&diam=curae&vitae=duis&quam=faucibus&suspendisse=accumsan&potenti=odio&nullam=curabitur&porttitor=convallis&lacus=duis&at=consequat&turpis=dui&donec=nec&posuere=nisi&metus=volutpat&vitae=eleifend&ipsum=donec&aliquam=ut&non=dolor&mauris=morbi&morbi=vel&non=lectus&lectus=in&aliquam=quam&sit=fringilla&amet=rhoncus&diam=mauris&in=enim&magna=leo&bibendum=rhoncus&imperdiet=sed&nullam=vestibulum&orci=sit&pede=amet&venenatis=cursus&non=id&sodales=turpis&sed=integer&tincidunt=aliquet&eu=massa&felis=id&fusce=lobortis&posuere=convallis&felis=tortor&sed=risus&lacus=dapibus&morbi=augue&sem=vel&mauris=accumsan&laoreet=tellus&ut=nisi&rhoncus=eu&aliquet=orci&pulvinar=mauris&sed=lacinia&nisl=sapien&nunc=quis&rhoncus=libero&dui=nullam&vel=sit&sem=amet&sed=turpis&sagittis=elementum&nam=ligula&congue=vehicula&risus=consequat&semper=morbi&porta=a
35,Document,http://state.tx.us/vel/ipsum/praesent/blandit/lacinia/erat/vestibulum.jpg?adipiscing=justo&elit=aliquam&proin=quis&risus=turpis&praesent=eget&lectus=elit&vestibulum=sodales&quam=scelerisque&sapien=mauris&varius=sit&ut=amet&blandit=eros&non=suspendisse&interdum=accumsan&in=tortor&ante=quis&vestibulum=turpis&ante=sed&ipsum=ante&primis=vivamus&in=tortor&faucibus=duis&orci=mattis&luctus=egestas&et=metus&ultrices=aenean&posuere=fermentum&cubilia=donec&curae=ut&duis=mauris&faucibus=eget&accumsan=massa&odio=tempor&curabitur=convallis&convallis=nulla
36,Illustration,https://scribd.com/ipsum.aspx?ultrices=molestie&libero=lorem&non=quisque&mattis=ut&pulvinar=erat&nulla=curabitur&pede=gravida&ullamcorper=nisi&augue=at&a=nibh&suscipit=in&nulla=hac&elit=habitasse&ac=platea&nulla=dictumst&sed=aliquam&vel=augue&enim=quam
37,Video,https://nydailynews.com/a/pede/posuere/nonummy/integer.js?at=sem&ipsum=praesent&ac=id
38,Document,https://stumbleupon.com/diam/in/magna/bibendum/imperdiet.js?magna=orci&at=luctus&nunc=et&commodo=ultrices&placerat=posuere&praesent=cubilia&blandit=curae&nam=duis&nulla=faucibus&integer=accumsan&pede=odio&justo=curabitur&lacinia=convallis&eget=duis&tincidunt=consequat&eget=dui&tempus=nec
39,Document,http://prweb.com/nulla/neque/libero/convallis/eget.html?quam=ante&pede=ipsum&lobortis=primis&ligula=in&sit=faucibus&amet=orci&eleifend=luctus&pede=et&libero=ultrices&quis=posuere&orci=cubilia&nullam=curae&molestie=donec&nibh=pharetra&in=magna&lectus=vestibulum&pellentesque=aliquet&at=ultrices
40,Document,http://weather.com/justo/in/hac.html?in=nam&leo=nulla&maecenas=integer&pulvinar=pede&lobortis=justo&est=lacinia&phasellus=eget&sit=tincidunt&amet=eget&erat=tempus&nulla=vel&tempus=pede&vivamus=morbi&in=porttitor&felis=lorem&eu=id&sapien=ligula&cursus=suspendisse&vestibulum=ornare&proin=consequat&eu=lectus&mi=in&nulla=est&ac=risus&enim=auctor&in=sed&tempor=tristique&turpis=in&nec=tempus&euismod=sit&scelerisque=amet&quam=sem&turpis=fusce&adipiscing=consequat&lorem=nulla&vitae=nisl&mattis=nunc&nibh=nisl&ligula=duis&nec=bibendum&sem=felis&duis=sed&aliquam=interdum&convallis=venenatis&nunc=turpis
41,Document,http://mtv.com/interdum/mauris/ullamcorper/purus.jsp?non=vel&interdum=lectus&in=in&ante=quam&vestibulum=fringilla&ante=rhoncus&ipsum=mauris&primis=enim&in=leo&faucibus=rhoncus&orci=sed&luctus=vestibulum&et=sit&ultrices=amet&posuere=cursus&cubilia=id&curae=turpis&duis=integer&faucibus=aliquet&accumsan=massa&odio=id&curabitur=lobortis&convallis=convallis&duis=tortor&consequat=risus&dui=dapibus&nec=augue&nisi=vel&volutpat=accumsan&eleifend=tellus&donec=nisi&ut=eu&dolor=orci&morbi=mauris&vel=lacinia&lectus=sapien&in=quis&quam=libero&fringilla=nullam&rhoncus=sit&mauris=amet&enim=turpis&leo=elementum&rhoncus=ligula&sed=vehicula
42,Illustration,http://wordpress.com/nunc/donec.js?tempus=suspendisse&vivamus=accumsan&in=tortor&felis=quis&eu=turpis&sapien=sed&cursus=ante&vestibulum=vivamus&proin=tortor&eu=duis&mi=mattis&nulla=egestas&ac=metus&enim=aenean&in=fermentum&tempor=donec&turpis=ut&nec=mauris&euismod=eget&scelerisque=massa&quam=tempor&turpis=convallis&adipiscing=nulla&lorem=neque&vitae=libero&mattis=convallis&nibh=eget&ligula=eleifend&nec=luctus&sem=ultricies&duis=eu&aliquam=nibh&convallis=quisque&nunc=id&proin=justo&at=sit&turpis=amet&a=sapien&pede=dignissim&posuere=vestibulum&nonummy=vestibulum&integer=ante&non=ipsum&velit=primis&donec=in&diam=faucibus&neque=orci&vestibulum=luctus&eget=et&vulputate=ultrices&ut=posuere&ultrices=cubilia&vel=curae&augue=nulla&vestibulum=dapibus&ante=dolor&ipsum=vel&primis=est&in=donec&faucibus=odio&orci=justo&luctus=sollicitudin&et=ut&ultrices=suscipit&posuere=a&cubilia=feugiat&curae=et&donec=eros&pharetra=vestibulum&magna=ac&vestibulum=est&aliquet=lacinia
43,Document,https://narod.ru/eget/tempus/vel/pede.jsp?neque=ac&sapien=consequat&placerat=metus&ante=sapien&nulla=ut&justo=nunc&aliquam=vestibulum&quis=ante&turpis=ipsum&eget=primis&elit=in&sodales=faucibus&scelerisque=orci&mauris=luctus&sit=et&amet=ultrices&eros=posuere&suspendisse=cubilia&accumsan=curae&tortor=mauris&quis=viverra&turpis=diam&sed=vitae&ante=quam&vivamus=suspendisse&tortor=potenti&duis=nullam&mattis=porttitor&egestas=lacus&metus=at&aenean=turpis&fermentum=donec&donec=posuere&ut=metus&mauris=vitae&eget=ipsum&massa=aliquam&tempor=non&convallis=mauris&nulla=morbi&neque=non&libero=lectus&convallis=aliquam&eget=sit&eleifend=amet&luctus=diam&ultricies=in&eu=magna&nibh=bibendum&quisque=imperdiet&id=nullam&justo=orci&sit=pede&amet=venenatis&sapien=non&dignissim=sodales&vestibulum=sed&vestibulum=tincidunt&ante=eu&ipsum=felis&primis=fusce&in=posuere&faucibus=felis&orci=sed&luctus=lacus&et=morbi&ultrices=sem&posuere=mauris&cubilia=laoreet&curae=ut&nulla=rhoncus&dapibus=aliquet&dolor=pulvinar&vel=sed&est=nisl&donec=nunc&odio=rhoncus&justo=dui&sollicitudin=vel&ut=sem&suscipit=sed&a=sagittis&feugiat=nam&et=congue&eros=risus&vestibulum=semper&ac=porta&est=volutpat&lacinia=quam&nisi=pede&venenatis=lobortis&tristique=ligula&fusce=sit&congue=amet&diam=eleifend&id=pede&ornare=libero
44,Illustration,https://drupal.org/at.jsp?nisi=et&eu=commodo&orci=vulputate&mauris=justo&lacinia=in&sapien=blandit
45,Video,http://vkontakte.ru/iaculis/congue/vivamus/metus.png?in=integer&hac=pede&habitasse=justo&platea=lacinia&dictumst=eget&maecenas=tincidunt&ut=eget&massa=tempus&quis=vel&augue=pede&luctus=morbi&tincidunt=porttitor&nulla=lorem&mollis=id&molestie=ligula&lorem=suspendisse&quisque=ornare&ut=consequat&erat=lectus&curabitur=in&gravida=est&nisi=risus&at=auctor&nibh=sed&in=tristique&hac=in&habitasse=tempus&platea=sit&dictumst=amet&aliquam=sem&augue=fusce&quam=consequat&sollicitudin=nulla&vitae=nisl&consectetuer=nunc&eget=nisl&rutrum=duis&at=bibendum&lorem=felis&integer=sed&tincidunt=interdum&ante=venenatis&vel=turpis&ipsum=enim&praesent=blandit&blandit=mi&lacinia=in&erat=porttitor&vestibulum=pede&sed=justo&magna=eu&at=massa&nunc=donec&commodo=dapibus&placerat=duis&praesent=at&blandit=velit&nam=eu&nulla=est&integer=congue&pede=elementum&justo=in&lacinia=hac&eget=habitasse&tincidunt=platea&eget=dictumst&tempus=morbi
46,Illustration,http://flavors.me/pede/ullamcorper/augue.jpg?hac=eleifend&habitasse=quam&platea=a&dictumst=odio&maecenas=in
47,Document,https://xinhuanet.com/massa/donec.jpg?nec=blandit&dui=mi&luctus=in&rutrum=porttitor&nulla=pede&tellus=justo&in=eu&sagittis=massa&dui=donec&vel=dapibus&nisl=duis&duis=at&ac=velit&nibh=eu&fusce=est&lacus=congue&purus=elementum&aliquet=in&at=hac&feugiat=habitasse&non=platea&pretium=dictumst&quis=morbi&lectus=vestibulum&suspendisse=velit&potenti=id&in=pretium&eleifend=iaculis&quam=diam&a=erat&odio=fermentum&in=justo&hac=nec&habitasse=condimentum&platea=neque&dictumst=sapien&maecenas=placerat&ut=ante&massa=nulla&quis=justo&augue=aliquam&luctus=quis&tincidunt=turpis&nulla=eget&mollis=elit&molestie=sodales&lorem=scelerisque&quisque=mauris&ut=sit&erat=amet&curabitur=eros&gravida=suspendisse&nisi=accumsan&at=tortor&nibh=quis&in=turpis&hac=sed&habitasse=ante&platea=vivamus&dictumst=tortor&aliquam=duis&augue=mattis&quam=egestas&sollicitudin=metus&vitae=aenean&consectetuer=fermentum&eget=donec&rutrum=ut&at=mauris&lorem=eget&integer=massa&tincidunt=tempor&ante=convallis&vel=nulla&ipsum=neque&praesent=libero&blandit=convallis&lacinia=eget&erat=eleifend&vestibulum=luctus&sed=ultricies&magna=eu&at=nibh&nunc=quisque
48,Document,http://qq.com/in/porttitor.jsp?rhoncus=sagittis&sed=dui&vestibulum=vel&sit=nisl&amet=duis&cursus=ac&id=nibh&turpis=fusce&integer=lacus
49,Illustration,https://dmoz.org/et/magnis/dis/parturient/montes/nascetur/ridiculus.png?mi=ut&sit=ultrices&amet=vel&lobortis=augue&sapien=vestibulum&sapien=ante&non=ipsum&mi=primis&integer=in&ac=faucibus&neque=orci&duis=luctus&bibendum=et&morbi=ultrices&non=posuere&quam=cubilia&nec=curae&dui=donec&luctus=pharetra&rutrum=magna
50,Document,http://state.tx.us/tempor/convallis.aspx?rutrum=euismod&nulla=scelerisque&nunc=quam&purus=turpis&phasellus=adipiscing&in=lorem&felis=vitae&donec=mattis&semper=nibh&sapien=ligula&a=nec&libero=sem&nam=duis&dui=aliquam&proin=convallis&leo=nunc&odio=proin&porttitor=at&id=turpis&consequat=a&in=pede&consequat=posuere&ut=nonummy&nulla=integer&sed=non&accumsan=velit&felis=donec&ut=diam&at=neque&dolor=vestibulum&quis=eget&odio=vulputate&consequat=ut&varius=ultrices&integer=vel&ac=augue&leo=vestibulum&pellentesque=ante&ultrices=ipsum&mattis=primis&odio=in&donec=faucibus&vitae=orci&nisi=luctus&nam=et&ultrices=ultrices&libero=posuere&non=cubilia&mattis=curae&pulvinar=donec&nulla=pharetra&pede=magna&ullamcorper=vestibulum&augue=aliquet&a=ultrices&suscipit=erat&nulla=tortor&elit=sollicitudin&ac=mi&nulla=sit&sed=amet&vel=lobortis&enim=sapien&sit=sapien&amet=non&nunc=mi&viverra=integer&dapibus=ac&nulla=neque&suscipit=duis&ligula=bibendum&in=morbi
